<?xml version="1.0" encoding="UTF-8"?><metadata>
    <idinfo>
        <citation>
            <citeinfo>
                <title>Congressional_Districts_CA</title>
                <geoform>vector digital data</geoform>
            </citeinfo>
        </citation>
        <descript>
            <abstract>State and federal legislative district service areas approved by the 2020 California Citizens Redistricting Commission. Source: https://gis.data.ca.gov/datasets/CDEGIS::us-congressional-districts/explore</abstract>
            <purpose>State and federal legislative district service areas approved by the 2020 California Citizens Redistricting Commission.
Source: https://gis.data.ca.gov/datasets/CDEGIS::us-congressional-districts/explore </purpose>
        </descript>
        <keywords>
            <theme>
                <themekt>None</themekt>
                <themekey>NEVI</themekey>
                <themekey>California Energy Commission</themekey>
                <themekey>California Natural Resources Agency</themekey>
                <themekey>CAOpenData</themekey>
                <themekey>FTD</themekey>
            </theme>
        </keywords>
        <accconst>None</accconst>
        <useconst>https://www.energy.ca.gov/conditions-of-use </useconst>
        <datacred/>
        <native>Esri ArcGIS 13.0.3.36057</native>
    </idinfo>
    <spdoinfo>
        <direct>Vector</direct>
        <ptvctinf>
            <sdtsterm>
                <sdtstype>GT-polygon composed of chains</sdtstype>
                <ptvctcnt>0</ptvctcnt>
            </sdtsterm>
        </ptvctinf>
    </spdoinfo>
    <eainfo>
        <detailed>
            <enttyp>
                <enttypl>Congressional_Districts_CA</enttypl>
            </enttyp>
            <attr>
                <attrlabl>OBJECTID_1</attrlabl>
                <attrdef>Internal feature number.</attrdef>
                <attrdefs>Esri</attrdefs>
                <attrdomv>
                                        
                    <udom>Sequential unique whole numbers that are automatically generated.</udom>
                                    
                </attrdomv>
            </attr>
            <attr>
                <attrlabl>Shape</attrlabl>
                <attrdef>Feature geometry.</attrdef>
                <attrdefs>Esri</attrdefs>
                <attrdomv>
                                        
                    <udom>Coordinates defining the features.</udom>
                                    
                </attrdomv>
            </attr>
            <attr>
                <attrlabl>OBJECTID</attrlabl>
            </attr>
            <attr>
                <attrlabl>GEOID</attrlabl>
            </attr>
            <attr>
                <attrlabl>CongDistri</attrlabl>
            </attr>
            <attr>
                <attrlabl>CongDist_1</attrlabl>
            </attr>
            <attr>
                <attrlabl>CongAreaSq</attrlabl>
            </attr>
            <attr>
                <attrlabl>SHAPE_Leng</attrlabl>
            </attr>
            <attr>
                <attrlabl>Shape_Length</attrlabl>
                <attrdef>Length of feature in internal units.</attrdef>
                <attrdefs>Esri</attrdefs>
                <attrdomv>
                                        
                    <udom>Positive real numbers that are automatically generated.</udom>
                                    
                </attrdomv>
            </attr>
            <attr>
                <attrlabl>Shape_Area</attrlabl>
                <attrdef>Area of feature in internal units squared.</attrdef>
                <attrdefs>Esri</attrdefs>
                <attrdomv>
                                        
                    <udom>Positive real numbers that are automatically generated.</udom>
                                    
                </attrdomv>
            </attr>
        </detailed>
    </eainfo>
    <metainfo>
        <metd>20231108</metd>
        <metstdn>FGDC Content Standard for Digital Geospatial Metadata</metstdn>
        <metstdv>FGDC-STD-001-1998</metstdv>
        <mettc>local time</mettc>
    </metainfo>
</metadata>
